{
    "trial_id": "02",
    "score": "N/A",
    "best_hyperparameters": {
        "dropout_rate": 0.30000000000000004,
        "l2_factor": 0.0005,
        "n_layers_to_unfreeze": 20,
        "learning_rate": 0.007687379964780919
    }
}