{
    "dropout_rate": 0.35000000000000003,
    "l2_factor": 0.0001,
    "n_layers_to_unfreeze": 10,
    "learning_rate": 0.006931056649550434
}