{
    "dropout_rate": 0.30000000000000004,
    "l2_factor": 0.001,
    "n_layers_to_unfreeze": 20,
    "learning_rate": 0.0011347258569096236
}