{
    "dropout_rate": 0.35000000000000003,
    "l2_factor": 0.001,
    "n_layers_to_unfreeze": 15,
    "learning_rate": 0.00038558059669589664
}